"gene1","snp1","model1","gene2","snp2","model2"
"MTRR","rs1801394","rs1801394d","SHMT1","rs1979277","rs1979277r"
"MTRR","rs1801394","rs1801394r","SHMT1","rs1979277","rs1979277d"
"MTRR","rs1801394","rs1801394r","TCN2","rs1801198","rs1801198r"
"MTRR","rs1801394","rs1801394r","TCN2","rs1801198","rs1801198d"
"SHMT1","rs1979277","rs1979277r","SLC19A1","rs1051266","rs1051266r"
"TCN2","rs1801198","rs1801198r","TCN2","rs1801198","rs1801198d"
"TCN2","rs1801198","rs1801198d","TCN2","rs1801198","rs1801198d"
"BDNF","rs6265","rs6265d","NTRK2","rs1187323","rs1187323d"
"BDNF","rs6265","rs6265d","NTRK2","rs1187323","rs1187323r"
"BDNF","rs6265","rs6265d","NTRK2","rs1187323","rs1187323a"
"BDNF","rs6265","rs6265d","NTRK2","rs1545285","rs1545285d"
"BDNF","rs6265","rs6265d","NTRK2","rs1545285","rs1545285r"
"BDNF","rs6265","rs6265d","NTRK2","rs1545285","rs1545285a"
"TRAK2","rs13022344","rs13022344d","EXOC3L2","rs597668","rs597668d"
"TRAK2","rs13022344","rs13022344d","BIN1","rs744373","rs744373d"
"HMOX1","rs2071746","rs2071746r","NR1H2","rs2695121","rs2695121r"
"ABCA1","rs1800977","rs1800977r","HMGCR","rs3931914","rs3931914r"
"ABCA1","rs1800977","rs1800977r","HMGCR","rs3931914","rs3931914d"
"ABCA1","rs2422493","rs2422493r","HMGCR","rs3931914","rs3931914r"
"ABCA1","rs2422493","rs2422493r","HMGCR","rs3931914","rs3931914d"
"ABCA1","rs2422493","rs2422493r","NPC1","rs4800488","rs4800488r"
"ABCA1","rs2422493","rs2422493r","NPC1","rs2236707","rs2236707r"
"VDR","rs7975232","rs7975232r","IL10","rs1800896","rs1800896d"
"VDR","rs731236","rs731236d","IL10","rs1800896","rs1800896d"
"MTHFD1L","rs11754661","rs11754661d","PEMT","rs7946","rs7946d"
"CYP46A1","rs7157609","rs7157609r","CYP46A1","rs4900442","rs4900442r"
"CYP46A1","rs7157609","rs7157609d","CYP46A1","rs4900442","rs4900442d"
"CYP46A1","rs7157609","rs7157609d","CYP46A1","rs4900442","rs4900442a"
"CYP46A1","rs7157609","rs7157609a","CYP46A1","rs4900442","rs4900442d"
"CYP46A1","rs7157609","rs7157609a","CYP46A1","rs4900442","rs4900442a"
