"gene1","snp1","model1","gene2","snp2"
"CDK5","rs2069442","rs2069442r","APOE","ε4"
"CDK5","rs2069442","rs2069442d","APOE","ε4"
"CDK5","rs2069442","rs2069442a","APOE","ε4"
"MAPT","rs242557","rs242557d","APOE","ε4"
"MAPT","rs242557","rs242557a","APOE","ε4"
"MAPT","rs242557","rs242557r","APOE","ε4"
"ABCA1","rs1800977","rs1800977r","APOE","ε4"
"ABCA1","rs1800977","rs1800977d","APOE","ε4"
"ABCA1","rs1800977","rs1800977a","APOE","ε4"
"PPARG","rs709149","rs709149d","APOE","ε4"
"EXOC3L2","rs597668","rs597668d","APOE","ε4"
"BIN1","rs744373","rs744373d","APOE","ε4"
"MTHFD1L","rs11754661","rs11754661d","APOE","ε4"
"PRNP","rs1799990","rs1799990d","APOE","ε4"
"PRNP","rs1799990","rs1799990a","APOE","ε4"
"PRNP","rs1799990","rs1799990r","APOE","ε4"
"GAB2","rs2373115","rs2373115d","APOE","ε4"
"GAB2","rs4945261","rs4945261d","APOE","ε4"
"GAB2","rs4945261","rs4945261r","APOE","ε4"
